{"train_losses": [213.9199853108724, 163.67026916503906, 149.31416772460938, 143.15470349121094, 138.96446997070314, 136.78281474812826, 135.27582520548503, 134.19119380696614, 133.31201081339518, 132.47959942626954, 131.3830307006836, 130.22612049357096, 129.60942764282225, 129.19369935099283, 128.76460197957357, 128.44481733194988, 128.12976337687175, 127.82260267130533, 127.6239201965332, 127.38083674112956, 127.1658062133789, 126.86805465698242, 126.75667521158854, 126.57217053222656, 126.44739931233724, 126.30075101725261, 126.05365211995442, 126.00402602132162, 125.83636775716145, 125.78855409749349, 125.63264178466797, 125.48094723510742, 125.43851345825195, 125.33088837687174, 125.19794542439779, 125.17830661010743, 125.1315730489095, 124.95130005900064, 124.95487762451172, 124.85257093302408, 124.81063067626953, 124.73736709594726, 124.62508790079752, 124.55005610148112, 124.54583646647136, 124.50099960327148, 124.44067225138346, 124.35032774861654, 124.33670085652669, 124.26431102498373, 124.25438322957356, 124.18104612223307, 124.11605938720703, 124.03700450642904, 124.0765338643392, 124.03091664632161, 123.93669813028971, 123.9262180480957, 123.85515450032553, 123.83238661702474, 123.78135583496093, 123.78143563842774, 123.72606278483073, 123.67833356730144, 123.65975658162435, 123.6661317545573, 123.5891959025065, 123.55140569051106, 123.49313078816732, 123.48232020060222, 123.47227681477865, 123.40840567016602, 123.4025608215332, 123.40250290934245, 123.34548220825195, 123.35406214396158, 123.3276262919108, 123.29350416056315, 123.21296876017253, 123.2454921061198, 123.17453748575846, 123.16879828898112, 123.14731225585938, 123.09337694295247, 123.13722294108072, 123.09016367594401, 123.0440531616211, 123.05443004353842, 123.03229053751627, 123.05495775349935, 122.97736514282226, 122.99635709635416, 122.96920475260417, 122.90800688680012, 122.93959303792317, 122.96144345092773, 122.84951767985027, 122.83020421346029, 122.8328201599121, 122.83891837565105], "val_losses": [178.2715373535156, 153.47434086100262, 145.22317797851562, 141.02409305826822, 137.27365877278646, 135.61819681803385, 134.23440779622396, 133.4317595011393, 132.59534399414062, 131.6597627766927, 130.38101200358074, 129.54177266438802, 128.98191528320314, 128.78688883463542, 128.24991349283854, 128.43944718424478, 127.72918288167318, 127.52153879801432, 127.17955607096354, 127.08452954101563, 126.92676281738281, 126.5860302734375, 126.47148946126302, 126.31803590901693, 126.5380733235677, 126.22131654866537, 126.32584409586589, 125.92209598795573, 125.66746335856119, 125.49933129882812, 125.70168204752603, 125.392484375, 125.51969494628906, 126.05907006835938, 125.40358233642579, 125.32944702148437, 125.5625498453776, 125.01688618977865, 124.84735681152344, 125.4153603515625, 124.88619907633463, 124.69871166992188, 125.41197564697265, 124.49997532145183, 125.4766367594401, 124.60109151204428, 124.56306978352865, 124.43753259277344, 124.31720369466146, 124.41385314941407, 124.41966381835938, 124.35074235026042, 124.27478991699219, 124.15286165364583, 124.31965384928385, 124.09627982584635, 124.26476786295574, 123.99599302164714, 124.11565071614584, 124.13829081217447, 124.35338330078125, 124.1037841389974, 123.72188411458333, 124.18081357828775, 123.91228491210937, 124.1048344116211, 123.91730922444661, 123.8128974202474, 124.04513368733724, 124.19147821044922, 123.9962538248698, 123.7680028076172, 124.26212349446615, 123.75426141357421, 123.81615482584635, 123.53489188639323, 123.41573720296223, 123.59088348388671, 124.17491365559896, 123.88743629964193, 123.41724686686197, 123.47042427571614, 123.6071094156901, 123.56285831705729, 123.47175126139322, 123.41158329264323, 123.51639764404297, 123.53058461507162, 123.51163486735027, 123.56660146077473, 123.43246750895182, 123.29593884277344, 123.7513593343099, 123.38105782063802, 123.33315905761718, 123.44763553873698, 123.27109785970052, 123.5529467569987, 123.42256388346354, 123.1613232828776]}