{"train_losses": [201.9673834025065, 146.34152169799805, 139.60196091715494, 136.0110222269694, 133.39057304890952, 131.40715317789713, 129.83769719441733, 128.74266266886394, 127.903580271403, 127.17668924967448, 126.57873967488607, 126.09467899576823, 125.67592470296223, 125.31082425944011, 125.02048436482747, 124.72447127278646, 124.45954353841145, 124.2570929260254, 123.99420417277018, 123.77324225870768, 123.62252311197916, 123.38716031901042, 123.34175985717773, 123.15268865966797, 122.98703958129883, 122.92853934733073, 122.72635806274414, 122.65343533325195, 122.55806172688803, 122.45340072631836, 122.35681688435872, 122.24719952392579, 122.16173780314128, 122.05475244140625, 121.99578318277995, 121.94614411417643, 121.8156261698405, 121.77305294799805, 121.69068441772461, 121.61145937093099, 121.53548249308268, 121.47623310343424, 121.41525375366211, 121.37746842447916, 121.2810322265625, 121.24062370808919, 121.17316719563802, 121.10453668212891, 121.0437787882487, 121.01278991699219, 120.92786627197266, 120.93519966634115, 120.89017522176107, 120.80683646647135, 120.79772401936849, 120.71233564249674, 120.67999546305339, 120.67829139200846, 120.59324479166666, 120.5460673828125, 120.52534212239583, 120.50511346435547, 120.43955039469401, 120.4188972269694, 120.33765833536783, 120.34694055175781, 120.30412102254232, 120.28736142985026, 120.23451712036133, 120.20558853149414, 120.17815145874023, 120.1599128112793, 120.10126826985677, 120.07543552652994, 120.09324038696289, 120.0376211344401, 119.9739464823405, 119.94655045572917, 119.95080633544922, 119.89395727539062, 119.86018946329753, 119.87004646809896, 119.85060442097982, 119.77541771443686, 119.77029011027018, 119.73873752848307, 119.79801984659831, 119.74433606974284, 119.68718437703451, 119.67421266682943, 119.64553786214192, 119.66674904378256, 119.62457756551107, 119.56521752929687, 119.61457339477539, 119.51874839274089, 119.50535298665365, 119.51073043823243, 119.49227743530274, 119.46305183919272], "val_losses": [153.15245548502605, 141.60847265625, 137.65863228352865, 134.78346077473958, 132.21773592122395, 130.63625268554688, 128.78796561686198, 127.93356656901042, 127.31746541341145, 126.854146484375, 126.4413964436849, 126.26634484863281, 125.52815954589843, 125.15625142415365, 124.8086485188802, 124.47621997070313, 124.4423301595052, 124.41730692545573, 123.94153332519531, 124.37085628255208, 123.84779209391276, 123.40347961425782, 123.3058212890625, 123.31828914388021, 123.42728352864583, 123.52431502278645, 122.86702453613282, 123.00248193359376, 122.7873398030599, 122.86504516601562, 122.44371006266276, 122.73980651855469, 122.41571626790365, 122.38402952067057, 122.41044240315755, 122.23611682128906, 122.05944185384115, 121.99595430501302, 122.12051564534505, 122.03986743164063, 121.87484025065105, 121.7768935953776, 121.75596761067709, 121.5845888264974, 121.89230995686849, 121.64963344319662, 121.53797300211589, 121.51000368245442, 121.66835457356771, 121.3058672688802, 121.22334423828126, 121.45736692301432, 121.36857627360025, 120.95206819661459, 121.27411897786459, 121.02897424316406, 121.04802189127604, 120.86488403320313, 120.9314438680013, 120.9203828125, 120.90438887532552, 121.02336073811848, 120.97025622558594, 120.81238529459635, 120.66125622558594, 120.62787097167968, 120.86147054036458, 120.70155360921224, 120.69725821940104, 120.72064440917968, 120.57532706705729, 120.62222747802734, 120.45782558186849, 120.53963454182943, 120.49057879638671, 120.7233417561849, 120.57709663899739, 120.37771177164714, 120.52536161295573, 120.40596956380209, 120.47503953043619, 120.30573856608073, 120.26407584635416, 120.90486759440104, 120.74990498860677, 120.50124332682292, 120.34748360188802, 120.38167883300781, 120.19872619628906, 120.14060909016928, 120.27995353190104, 120.00224336751302, 120.2108939819336, 120.11338338216146, 120.12619226074219, 120.3679053141276, 120.45244612630208, 120.28810217285157, 120.24011938476562, 120.08761698404948]}