{"train_losses": [217.43150301106772, 178.4662890625, 159.49176759847006, 153.87012939453126, 151.34818536376955, 149.33273451741536, 147.55694559733072, 146.5360051269531, 145.7006947631836, 145.18433701578775], "val_losses": [195.5774256998698, 165.48101611328124, 155.7144851888021, 152.55932934570313, 150.22313435872397, 148.0809666748047, 147.22796793619793, 146.16903011067708, 145.4269076944987, 145.13314518229166]}