{"train_losses": [0.03443020199549695, 2.0848230148355165e-05, 1.7706326519449553e-05, 1.3861569265524546e-05, 1.207202859222889e-05, 1.091659814119339e-05, 9.723105778296788e-06, 8.988543103138606e-06, 7.583797598878543e-06, 7.788992176453273e-06, 6.298920760552088e-06, 6.110639000932375e-06, 5.954912553230921e-06, 4.960337032874425e-06, 1.1823652312159538e-05, 1.3450520733992258e-06, 4.441259428858757e-06, 4.070886721213659e-06, 5.834925919771194e-06, 2.63745275636514e-06, 3.2538287341594695e-06, 3.381154810388883e-06, 2.9785726219415663e-06, 2.951941763361295e-06, 2.75275856256485e-06, 2.810311814149221e-06, 2.4160674462715786e-06, 2.544251581033071e-06, 2.5214565296967825e-06, 3.6136402438084286e-06, 1.3020988553762435e-06, 2.02811819811662e-06, 2.1156929433345795e-06, 1.804867759346962e-06, 1.9382492949565253e-06, 1.80902269979318e-06, 1.7437878996133804e-06, 1.5469926098982494e-06, 2.0122621208429337e-06, 1.364349698026975e-06, 1.5156312535206478e-06, 1.323740929365158e-06, 1.5106946229934692e-06, 1.1898322651783626e-06, 1.240887368718783e-06, 3.111789623896281e-06, 7.597375661134719e-07, 1.106439158320427e-06, 1.0221470147371292e-06, 1.0443770637114842e-06, 9.592175483703613e-07, 1.2427518765131632e-06, 2.8863331923882167e-06, 1.8770433962345123e-07, 5.77570249636968e-07, 8.177359898885091e-07, 7.654968649148941e-07, 7.068489988644918e-07, 1.1082726220289866e-06, 5.621301631132762e-07, 6.579390416542689e-07, 5.890311052401861e-07, 6.22069463133812e-07, 2.4187775949637095e-06, 1.0493894418080648e-07, 3.99269163608551e-07, 4.948657006025314e-07, 5.703562249739965e-07, 4.746466875076294e-07, 6.415502478679021e-07, 5.371818939844767e-07, 6.834343075752258e-07, 5.327028532822927e-07, 3.715294102827708e-07, 5.082941303650538e-07, 3.7177962561448416e-07, 7.337275892496109e-07, 3.500990569591522e-07, 5.445840458075205e-07, 3.631773094336192e-07, 4.2123223344484965e-07, 3.976244479417801e-07, 8.681733161211013e-07, 1.063781479994456e-07, 3.3348115781943006e-07, 3.4576778610547383e-07, 3.3073872327804564e-07, 3.6137799421946205e-07, 3.134465465943019e-07, 3.7865154445171357e-07, 3.0056759715080264e-07, 3.254512945810954e-07, 3.10832013686498e-07, 2.685381720463435e-07, 3.0030434330304466e-07, 4.3929057816664377e-07, 5.525232603152593e-07, 1.0162778198719025e-07, 2.358487496773402e-07, 3.904737532138824e-07], "val_losses": [2.710427592198054e-05, 2.8518644471963247e-05, 6.871225933233897e-06, 5.8611383040746055e-06, 1.7255447804927827e-05, 8.50534439086914e-06, 2.970417340596517e-06, 3.7627485891183216e-05, 1.0193419953187307e-05, 1.509512464205424e-06, 7.075076301892599e-06, 4.625295599301656e-06, 1.9467597206433615e-06, 1.3744855920473735e-06, 1.4885962009429931e-06, 1.866924266020457e-06, 1.4623204867045084e-06, 1.1611466606458029e-05, 1.08405202627182e-06, 2.7162407835324603e-06, 5.6033233801523845e-06, 1.563576360543569e-06, 7.336984078089397e-07, 3.270102043946584e-06, 4.353163142999013e-06, 1.2012844284375508e-06, 6.392672657966614e-07, 2.279071758190791e-05, 6.72203799088796e-07, 2.720748633146286e-05, 2.1311640739440917e-07, 1.1825735370318094e-06, 1.560300588607788e-07, 5.053107937177023e-07, 8.690009514490763e-07, 4.057586193084717e-07, 2.6303778092066446e-07, 1.942416032155355e-07, 1.505191127459208e-07, 1.8249452114105224e-07, 5.438975989818573e-06, 1.8340150515238444e-06, 1.057197650273641e-06, 4.442557692527771e-07, 3.3642972509066265e-06, 1.2264400720596312e-07, 4.7546376784642536e-07, 6.218155225118002e-07, 3.654956817626953e-07, 1.7554710308710733e-06, 4.485249519348145e-07, 1.1635820070902506e-07, 7.340808709462484e-07, 1.1316438515981038e-07, 6.52534266312917e-07, 2.367133895556132e-06, 3.150800863901774e-07, 3.5828600327173867e-07, 1.1845355232556662e-06, 4.0506074825922646e-07, 2.7132680018742877e-06, 1.2101233005523682e-07, 1.9646684328715007e-07, 1.1701633532842001e-07, 1.2802829345067343e-07, 1.1117259661356608e-07, 1.8154581387837728e-07, 1.1383742094039917e-07, 8.011137445767721e-07, 2.6846577723821004e-06, 1.0900696118672689e-07, 1.1797994375228882e-07, 1.1306007703145345e-07, 2.954701582590739e-07, 1.0543316602706909e-07, 1.0850280523300171e-07, 9.368360042572021e-08, 1.7897039651870728e-07, 3.4564733505249026e-07, 1.219486196835836e-07, 4.3059388796488446e-08, 6.630520025889078e-08, 4.278123378753662e-08, 2.1136303742726643e-07, -3.906587759653727e-09, 1.2092540661493938e-07, -7.614493370056152e-09, 4.9114724000295e-07, 2.3109217484792073e-08, 1.6512970129648845e-07, 1.9905964533487955e-07, 2.211083968480428e-07, -2.988179524739583e-08, 3.426546851793925e-07, 8.95435611406962e-08, 3.822396198908488e-08, 1.1262049277623494e-07, 2.061078945795695e-07, 1.4238307873408e-07, 6.481011708577474e-08]}