{"train_losses": [224.8095714518229, 176.14530560302734, 162.47695670572918, 155.38667720540366, 150.97208471679687, 149.04882419840496, 147.72753196207682, 146.9105938313802, 146.16521608479817, 145.57376135253907, 145.10983415730794, 144.67750212605793, 144.23214779663087, 143.94192743937174, 143.6793031616211, 143.38275621541342, 143.2776377766927, 143.05050227864584, 142.81652899169922, 142.62610304768882, 142.43834369913736, 142.33745693969726, 142.23496908569336, 142.03557964070637, 141.92152238972983, 141.75454700724285, 141.6612326558431, 141.5778101501465, 141.54339307657878, 141.44683119710285, 141.29749040730795, 141.24159209187826, 141.0989858194987, 141.1202876586914, 140.96772811889647, 140.89612688191733, 140.8464356689453, 140.75659715779622, 140.74836759440103, 140.6398312072754, 140.57370520019532, 140.43855603027345, 140.41551092529298, 140.39688381958007, 140.2993397725423, 140.28127857462565, 140.262399810791, 140.2268678181966, 140.17161494954428, 140.1157040303548, 140.10470395914714, 140.02361200968426, 139.93920817057293, 139.97436464436848, 139.89546402994793, 139.89898545328776, 139.86811517333985, 139.8105627441406, 139.73521160888671, 139.73165467325848, 139.73596215820314, 139.73286872355143, 139.60614166259765, 139.61312232462566, 139.60429771931967, 139.53837412516276, 139.5596733907064, 139.51066664632162, 139.4534088643392, 139.48110021972656, 139.41747662353515, 139.45752512613933, 139.40911950683594, 139.351412302653, 139.25323754882814, 139.32968495686848, 139.30718392944337, 139.25648079427083, 139.26622977701822, 139.2529531555176, 139.21024432373048, 139.21352572631835, 139.13546170043946, 139.2127603963216, 139.16261072794597, 139.13373915608724, 139.06356638590495, 139.0448719177246, 139.0877752787272, 139.06988589477538, 139.0262723795573, 139.0566946105957, 139.0033120625814, 138.96408946736653, 138.9442630004883, 138.93003454589845, 138.93468669637045, 138.93846861775717, 138.9676658121745, 138.8535717569987], "val_losses": [187.68709008789062, 167.42432641601562, 157.79498270670572, 152.39129439290363, 149.5549929199219, 148.0502920735677, 146.87150061035157, 146.0994560953776, 145.45544108072917, 144.86145349121094, 144.56312329101561, 144.3541085611979, 144.58446411132812, 143.64088732910156, 143.3694835205078, 143.39695060221354, 142.82822587076822, 143.06428991699218, 142.48178828938802, 142.92596081542968, 142.72841467285156, 142.51651245117188, 142.1292830810547, 141.8195518391927, 141.93346936035155, 141.83715486653645, 141.6156698404948, 141.62798661295574, 142.47983939615887, 141.60969181315104, 141.41172212727864, 142.00921219889324, 141.6239326985677, 141.52321724446614, 141.12724763997394, 141.03756994628907, 140.91838334147135, 141.02033650716146, 140.96670731608074, 140.7681805826823, 140.76797861735025, 140.85907983398437, 140.78000944010418, 140.7580232340495, 140.8033730875651, 140.78514660644532, 140.8921866048177, 140.48559562174478, 141.10106689453124, 140.53945646158854, 140.51350390625, 140.52724442545573, 140.21397416178385, 140.70204646809896, 140.4064334716797, 140.19378251139324, 140.88891337076822, 140.27193247477214, 140.55417338053385, 140.37712740071615, 140.35211930338542, 140.21446341959634, 140.69650834147134, 140.4053701985677, 140.10795393880207, 140.2077275797526, 140.04163500976563, 140.00115209960939, 140.2696993815104, 140.05067944335937, 140.34850451660157, 140.1150234375, 140.6340069580078, 139.93846655273438, 139.93544071451822, 139.88419474283853, 140.28046927897137, 139.7844571126302, 139.80242415364583, 139.75408384195964, 139.9490205078125, 139.83526798502604, 139.69734639485677, 140.08696260579427, 139.86054274495442, 139.81594986979167, 139.9746837158203, 139.7833505452474, 139.80304085286457, 139.77050954182943, 139.51939396158855, 139.77027274576824, 140.06357295735677, 139.51488806152344, 139.91007592773437, 139.53793001302083, 139.59563521321616, 139.57384720865886, 140.03725964355468, 139.58462186686197]}