{"train_losses": [352.0239554443359, 310.83164750162763, 309.9282735595703, 309.70261474609373, 309.5845320638021, 309.5354511311849, 309.5140166422526, 309.4878815104167, 309.48036930338543, 309.4739061686198, 309.4774384765625, 309.4776061604818, 309.45118432617187, 309.4609244791667, 309.44410034179685, 309.42873282877605, 309.439114054362, 309.4213498128255, 309.43006278483074, 309.4149881998698, 309.412500406901, 309.4075515950521, 309.4147833658854, 309.4113630777995, 309.41155330403643, 309.40386169433594, 309.3948580729167, 309.4007082519531, 309.40071443684894, 309.4054783935547, 309.40193493652345, 309.3762841796875, 309.37439994303384, 309.3911706542969, 309.3854919433594, 309.3845547688802, 309.3704969889323, 309.3836104329427, 309.36891918945315, 309.3805643717448, 309.3815926106771, 309.3845146077474, 309.36965002441406, 309.3853483072917, 309.3648839518229, 309.3788174235026, 309.3643868815104, 309.36791731770836, 309.36559322102863, 309.3674945882161, 309.3513028157552, 309.3595490722656, 309.3533280029297, 309.3591572265625, 309.3511090494792, 309.3528829752604, 309.3546046142578, 309.3514010416667, 309.35495853678384, 309.35361092122395, 309.3632704671224, 309.35086942545576, 309.3413748779297, 309.3432795817057, 309.34789689127604, 309.3376249593099, 309.33881457519533, 309.34993033854164, 309.34895153808594, 309.33964603678385, 309.35163098144534, 309.33909147135415, 309.351022257487, 309.33922355143227, 309.3536098225911, 309.3325996500651, 309.34017138671874, 309.33328361002606, 309.3361154378255, 309.33894877115887, 309.33013708496094, 309.3444952799479, 309.3323053792318, 309.3274197998047, 309.33614103190104, 309.3321891682943, 309.33553259277346, 309.33329052734376, 309.3233046468099, 309.33169571940107, 309.3312091878255, 309.327987508138, 309.3331608886719, 309.3291915690104, 309.3301796468099, 309.3295324707031, 309.32800923665366, 309.3311083984375, 309.3139328613281, 309.33847408040367], "val_losses": [310.9934159342448, 309.1402560221354, 308.7370554199219, 308.6581513671875, 308.5081396484375, 308.5555448404948, 308.46627596028645, 308.47219978841144, 308.466052734375, 308.4577288411458, 308.70066861979166, 308.54216731770833, 308.5085592447917, 308.46397884114583, 308.41407902018227, 308.51552018229165, 308.4002693684896, 308.4762789713542, 308.4054727376302, 308.43711832682294, 308.4913641764323, 308.5233645019531, 308.37433740234377, 308.3923496907552, 308.3823525390625, 308.4067850748698, 308.34964534505207, 308.4078254394531, 308.37887622070315, 308.37661417643227, 308.3425185546875, 308.38814680989583, 308.38889721679686, 308.36577775065103, 308.35923974609375, 308.37914078776043, 308.35180395507814, 308.38369213867185, 308.36571541341146, 308.35302384440104, 308.3610594075521, 308.3806848144531, 308.33759342447917, 308.3511627604167, 308.3424922688802, 308.3467813313802, 308.3430948893229, 308.5436826985677, 308.4543216145833, 308.3634462076823, 308.3273068033854, 308.31158292643227, 308.327560546875, 308.3245061848958, 308.36843522135416, 308.41945442708334, 308.3118231608073, 308.35575113932293, 308.3593799641927, 308.3655576171875, 308.3266873372396, 308.3155341796875, 308.32313142903644, 308.37488753255207, 308.30876147460935, 308.39415397135417, 308.3687781575521, 308.3226485188802, 308.3377096354167, 308.43342643229164, 308.39764217122394, 308.4869354654948, 308.35950463867186, 308.3185032552083, 308.3124621582031, 308.317476969401, 308.3160478515625, 308.3174409179687, 308.40562565104165, 308.34520849609373, 308.36496354166667, 308.31705126953125, 308.32995288085937, 308.42510986328125, 308.3148513997396, 308.3266266276042, 308.32226961263024, 308.34838704427085, 308.32319580078126, 308.35298087565104, 308.303304280599, 308.3548215332031, 308.3587724609375, 308.33530200195315, 308.32781469726564, 308.2982049153646, 308.29518041992185, 308.316701171875, 308.2861776529948, 308.32861547851564]}