{"train_losses": [211.203493754069, 159.46633333333332], "val_losses": [172.80267744954426, 149.68621748860676]}