{"train_losses": [218.54743041992188, 172.0942942911784, 156.121908203125, 148.34509778849284, 145.0945844116211, 143.33047939046224, 141.51840209960938, 140.28429526774087, 139.53922746785483, 138.8208693745931, 138.41875845336915, 137.91857102457683, 137.49399946085612, 137.1646561787923, 136.90884407552085, 136.59315454101562, 136.3027739054362, 136.0663657023112, 135.88868180338542, 135.6800049235026, 135.46767910766602, 135.23460810343425, 135.1441781717936, 134.9736021830241, 134.78668690999348, 134.69948513793946, 134.58057591756184, 134.4270800374349, 134.3008884684245, 134.19394080607097, 134.09242870076497, 133.98437697347006, 133.90382455444336, 133.7808151143392, 133.70240688069663, 133.63174831136067, 133.5443266805013, 133.50358181762695, 133.3327573445638, 133.30274911499023, 133.25400871785482, 133.17809986368815, 133.08988990275066, 133.05336934407552, 132.97059474690755, 132.91861817423504, 132.83297032674153, 132.7693130086263, 132.78583915201824, 132.66923204549153, 132.6474505818685, 132.58624146525065, 132.59639462280273, 132.47390899658203, 132.42722692871095, 132.42628507486978, 132.32970325724284, 132.35809641520183, 132.29484439086914, 132.21116362508138, 132.1647828979492, 132.1798087056478, 132.13461475626627, 132.09161997477213, 132.0105391438802, 132.03397615559896, 131.94794430541992, 131.95469559733073, 131.93712683105468, 131.8516707763672, 131.8013690592448, 131.85438624064128, 131.76096788533528, 131.75270018514, 131.72865659586589, 131.72386728922527, 131.62463530476887, 131.61653727213542, 131.66489642333985, 131.61936014811198, 131.5521287434896, 131.54307085164388, 131.52948213704428, 131.47014646402994, 131.43605749511718, 131.4285027364095, 131.39828353881836, 131.424384958903, 131.3766802368164, 131.2883212076823, 131.29415414428712, 131.2925064798991, 131.25800491333007, 131.2299269104004, 131.22146940104167, 131.18183801269532, 131.16537375895183, 131.17000490315755, 131.11625122070313], "val_losses": [183.9258955485026, 162.59740262858074, 151.47498368326822, 146.07098075358073, 144.18001102701822, 142.38209924316405, 140.62498421223958, 140.4627342529297, 139.25443404134114, 138.81856473795574, 138.64290604654948, 137.78885099283855, 137.4539921875, 137.20237259928385, 137.15941483561198, 137.0506824544271, 136.30555704752604, 136.4064063720703, 136.25363149007163, 135.89861853027344, 135.60132442220052, 135.68059887695313, 135.6560000813802, 135.04599967447916, 135.03261855061848, 134.724755859375, 134.59188675944011, 134.77916080729167, 134.39932108561197, 134.43059297688802, 134.25590452067058, 134.55007055664063, 134.20254646809894, 134.1638193359375, 134.02187068684896, 134.04537638346355, 134.0222657877604, 133.73732828776042, 134.15552327473958, 133.701696879069, 133.558985555013, 133.42130834960938, 133.90641337076823, 133.3549315999349, 133.65785229492187, 133.7797733561198, 133.52082462565104, 133.43491654459635, 133.4321111246745, 133.41643459065756, 133.4646190999349, 133.1262792154948, 133.38822493489585, 133.02951139322917, 133.1107481282552, 132.9285002034505, 132.7893900349935, 132.84963236490884, 132.84638802083333, 132.80858430989582, 132.73933605957032, 132.9208197224935, 132.91839284261067, 132.73739404296876, 132.9193830566406, 132.87223325602213, 132.66293481445314, 132.67071459960937, 132.5651122233073, 132.6037098388672, 132.71882979329428, 132.51467423502604, 132.42488016764324, 132.31339855957032, 132.4697918294271, 132.4863848470052, 132.715323832194, 132.4412676595052, 132.5090099283854, 132.28790022786458, 132.68276493326823, 132.2301084391276, 132.38454408772787, 132.35088903808594, 132.15645133463542, 132.33639595540365, 132.37291235351563, 132.20935831705728, 132.3456792195638, 132.1083135172526, 132.21044376627603, 132.43720041910808, 132.2179962158203, 132.05860713704428, 132.51706518554687, 132.0900244547526, 132.06431075032552, 131.98179927571616, 132.15590307617188]}