{"train_losses": [219.36244740804037], "val_losses": [197.2025547281901]}