{"train_losses": [214.16883677164714, 168.0812349650065, 155.91925671386718, 148.2395327758789, 143.43282261149088, 141.2726313680013, 139.8718731994629, 138.83736962890626, 138.1009619445801, 137.40566486612957], "val_losses": [177.54312740071614, 160.71333544921876, 151.68140999348958, 144.99987731933595, 141.98737556966145, 140.3599775797526, 139.56351806640626, 138.53653963216146, 137.63272216796875, 137.10995821126303]}