{"train_losses": [223.24394313557943, 191.36391735839842, 180.03713521321615, 173.0353975423177, 168.98125600179037, 166.6251899617513, 165.25942311604817, 164.26200274658203, 163.46110795084635, 163.05211753336587, 162.58649637858073, 162.06192966715494, 161.56235420735678, 161.30867639160155, 161.0339385986328, 160.66226139322916, 160.53587162272134, 160.2194276936849, 160.05235709635417, 159.97059287516277, 159.71860953776041, 159.65363899739583, 159.5005810139974, 159.35868823242188, 159.25000813802083, 159.09905635579426, 158.99598150634765, 158.76631392415365, 158.81742995198567, 158.720205464681, 158.57566548665363, 158.49540903727214, 158.4741918334961, 158.3211733601888, 158.31859592692058, 158.20572654215493, 158.17098435465496, 158.04572501627604, 158.02487485758465, 157.9561151936849, 157.91345501708983, 157.81587961832682, 157.7672333170573, 157.70702154541016, 157.66158361816406, 157.68765706380208, 157.52344909667968, 157.54095334879557, 157.43745235188803, 157.45598504638673, 157.4196489054362, 157.31924886067708, 157.2625765991211, 157.26176534016926, 157.25752260335287, 157.14162864176433, 157.1794012858073, 157.0926687825521, 157.00917915852864, 157.06124737548828, 156.9356899210612, 156.9484146525065, 156.91524263509115, 156.9061197713216, 156.7858775024414, 156.8180503540039, 156.73624920654296, 156.79345399983723, 156.77286942545572, 156.66925644938152, 156.68352528889974, 156.61612388102213, 156.65326953125, 156.57111291503907, 156.5869190266927, 156.5247470296224, 156.5316919555664, 156.48884720865885, 156.461168355306, 156.40055263264975, 156.4194658203125, 156.3480067545573, 156.3359599202474, 156.35317372639975, 156.31783433024088, 156.2235139363607, 156.33130004882813, 156.2728480021159, 156.23985439046223, 156.2092876586914, 156.2598954671224, 156.1098015950521, 156.16207600911457, 156.11130201212566, 156.1291527709961, 156.0939521484375, 156.10935056559245, 156.0886973876953, 156.03665079752605, 155.95642177327474], "val_losses": [197.8619178466797, 184.1330516764323, 175.4321298828125, 170.02617805989584, 167.28636547851562, 165.51789322916667, 164.27897969563801, 163.30586991373698, 162.55514282226562, 162.17903198242186, 161.6885869547526, 161.5638975016276, 161.5209394938151, 161.3939784749349, 160.5548251953125, 160.48539628092448, 160.7514980061849, 159.98154671223958, 159.80955452473958, 159.93094413248699, 159.56849532063802, 159.54629740397135, 159.33199466959636, 159.4321991780599, 159.30934130859376, 159.1515165608724, 158.74725577799478, 158.7942225748698, 158.5418455403646, 158.54388590494793, 158.69922290039062, 158.75865604654948, 158.6398240966797, 159.17582104492186, 158.88537194824218, 158.23829825846354, 158.47703295898438, 158.2704335530599, 158.20340405273438, 158.18816080729167, 157.8605158691406, 158.167212890625, 157.94203625488282, 157.93384753417968, 158.08248417154948, 157.94190454101562, 158.63355985514323, 157.74716662597658, 158.1734736328125, 158.03352795410157, 157.8770684000651, 157.71484000651043, 158.22087438964843, 157.82753515625, 157.52801094563802, 157.61660518391926, 157.5184493815104, 157.85563647460938, 158.25061873372397, 157.46303674316405, 157.43067500813802, 157.3993536376953, 157.56140962727864, 157.4714090983073, 157.76464904785155, 157.28223575846354, 157.47708251953125, 157.79706962076824, 157.3590841471354, 157.41813895670572, 157.2875995686849, 157.59567610677084, 158.07631376139324, 157.19597993977865, 156.99228971354168, 157.49728507486978, 157.21757796223957, 157.12219405110676, 157.03312630208333, 157.68881986490885, 157.12823376464843, 157.25630733235678, 156.86441385904948, 156.90394396972655, 157.06569018554688, 156.77279630533855, 157.48191385904948, 157.19838997395834, 156.9689834798177, 156.92101802571614, 156.81769311523436, 157.68194059244792, 157.1971951090495, 157.40750655110676, 157.13491638183595, 156.65754085286457, 157.13244555664062, 157.3438994954427, 157.05918379720052, 157.04625638834636]}