{"train_losses": [222.66884147135417, 186.2802859700521, 176.53256618245442, 170.6912379760742, 167.48676662190755, 164.71868190511069, 163.1446520385742, 162.0321346842448, 161.30247068277995, 160.59562410481772, 160.06980627441405, 159.59701224772135, 159.22782090250652, 158.93917563883463, 158.63250528971355, 158.32163466389974, 158.08690220133462, 157.8835643717448, 157.70830560302736, 157.5091236775716, 157.34560552978516, 157.2555729980469, 156.99533669026692, 156.89346868896484, 156.74513887532552, 156.5578459676107, 156.47211069742838, 156.47839284261067, 156.2023157755534, 156.11847477213541, 156.00160434977212, 155.97644995117187, 155.85136161295574, 155.79771020507812, 155.69259926350912, 155.6614429321289, 155.57031024169922, 155.4540078125, 155.40502341715495, 155.30313633219401, 155.27376745605468, 155.23609806315105, 155.13428009033203, 155.14963112386067, 155.06974940999348, 154.97793001302082, 154.94894557698566, 154.88153767903646, 154.77992915852866, 154.79703310139973, 154.77662929280598, 154.68031418863933, 154.71242915852864, 154.5919944458008, 154.540047261556, 154.4629307047526, 154.49765041097004, 154.42037532552084, 154.38502834065756, 154.39286232503255, 154.30974212646484, 154.24414947509766, 154.21580611165365, 154.24205948893228, 154.16168308512368, 154.09879650878906, 154.1293146972656, 154.09635583496095, 154.02916837565104, 154.00586555989582, 154.0227103474935, 153.9277831624349, 153.9261341349284, 153.8716989746094, 153.9175962524414, 153.87682906087238, 153.73180851236978, 153.80051428222657, 153.77406505330404, 153.69976411946615, 153.7767048746745, 153.66946067301433, 153.69443080647787, 153.5808848876953, 153.700884379069, 153.5304257405599, 153.5179560139974, 153.5682198893229, 153.49506783040366, 153.46375695800782, 153.4089777832031, 153.44600549316405, 153.4107928059896, 153.40587168375652, 153.3409053955078, 153.34016467285156, 153.36620056152344, 153.23136600748697, 153.26231302897136, 153.2650620727539], "val_losses": [195.19541076660155, 180.1147557779948, 172.276615234375, 168.5423934326172, 165.50403267415365, 163.25949641927085, 162.39748486328125, 161.01272725423178, 160.34415299479167, 159.7961346842448, 159.46542077636718, 159.7393837076823, 158.8015653889974, 158.50788106282553, 158.16937642415365, 158.09108911132813, 157.91526033528646, 157.4567842610677, 157.5164169921875, 157.9697109781901, 157.4555977783203, 157.12701025390626, 156.75917525227865, 156.570518758138, 156.84389709472657, 156.50550919596355, 156.8999121500651, 156.0994580891927, 156.34446166992188, 156.72016276041666, 155.9410752360026, 155.85658475748698, 156.46570052083334, 155.6930499674479, 155.87986372884114, 155.79369580078125, 156.03407352701822, 156.04583622233073, 155.60559330240886, 155.38491377766928, 156.76895259602864, 155.65038631184896, 155.38012373860678, 155.66582759602863, 155.2389510904948, 155.34373164876303, 155.58032877604165, 155.76822269694011, 155.2463572184245, 155.10447147623697, 154.9516376953125, 155.04784908040364, 155.2718955078125, 155.173306640625, 154.8486446940104, 154.88165458170573, 155.08759025065103, 155.1111698811849, 154.76567354329427, 154.94353946940103, 154.7459140625, 155.16814961751302, 154.6639043782552, 154.9979619140625, 154.8772813720703, 154.87056490071615, 155.05200362141926, 154.8116962890625, 154.47180126953126, 154.55730326334634, 154.92885705566405, 154.6072821451823, 154.46723657226562, 154.99912565104168, 154.52407206217447, 154.4252108154297, 154.71206551106772, 154.43556111653646, 155.03326310221354, 155.0438819986979, 154.5492693277995, 154.60924861653646, 154.32415384928385, 154.29179833984375, 154.34548470052084, 154.55070300292968, 154.27566052246092, 154.5256747639974, 154.36388944498697, 154.2054248860677, 154.8443653564453, 154.4008975830078, 154.13545556640625, 154.1308526204427, 153.93077351888022, 154.1030877685547, 154.1222441813151, 154.66400113932292, 154.1090740559896, 154.10682657877604]}